title,condition,price,location
Чоловіча шкіряна дублянка,Вживане,2 000 грн.,Ukraine
Куртка шкіряна чоловіча. Зйомна підкладка на молнії,Вживане,2 200 грн.,Ukraine
Вінтажна шкіряна чоловіча куртка,Вживане,6 000 грн.,Ukraine
Чоловіча шкіряна куртка Pretender Poliсе,Вживане,5 000 грн.Договірна,Ukraine
Зимова чоловіча шкіряна куртка з норковим коміром Alfredo Galliano,Вживане,7 000 грн.Договірна,Ukraine
Шкіряна куртка BOSS чоловіча,Вживане,1 900 грн.Договірна,Ukraine
"Куртка чоловіча шкіряна, 56 розмір",Вживане,490 грн.,Ukraine
Куртка шкіряна чоловіча,Вживане,490 грн.,Ukraine
Продам мужскую демисезонную куртку из ЭКО кожи Motel.,Вживане,500 грн.,Ukraine
Шкіряна куртка чоловіча,Вживане,500 грн.,Ukraine
Куртка чоловіча шкіряна,Вживане,3 000 грн.,Ukraine
Чоловіча шкіряна тепла курточка,Вживане,1 800 грн.Договірна,Ukraine
Продам шкіряні італійські черевики  дуже якісні 45 розміру.,Вживане,500 грн.,Ukraine
Шкіряна чоловіча курточка Pierre Cardin,Вживане,3 000 грн.,Ukraine
"Парка куртка Nike чоловіча зимова. Розміри тільки S, M, L",Нове,1 990 грн.Договірна,Ukraine
Куртка шкіряна чоловіча утеплена,Вживане,6 500 грн.Договірна,Ukraine
Куртка чоловіча коричнева,Вживане,3 000 грн.Договірна,Ukraine
Шкіряна куртка чоловіча,Вживане,600 грн.,Ukraine
Чоловіча шкіряна куртка на хутрі,Вживане,3 500 грн.Договірна,Ukraine
Чоловіча шкіряна куртка,Вживане,1 100 грн.,Ukraine
Куртка шкіряна Cem Kerem чоловіча,Вживане,300 грн.,Ukraine
Шкіряна куртка чоловіча,Вживане,100 грн.,Ukraine
Чоловіча шкіряна куртка CX casualx,Вживане,1 100 грн.,Ukraine
Куртка шкіряна чоловіча,Вживане,199 грн.,Ukraine
Чоловіча шкіряна зимова куртка,Нове,1 000 грн.,Ukraine
Крута чоловіча шкіряна куртка Levis,Вживане,2 500 грн.,Ukraine
Чоловіча куртка з Еко шкіри / PU Поліуретан / Розмір S /  Демісезон,Вживане,999 грн.,Ukraine
Косуха шкіряна чоловіча,Вживане,5 500 грн.,Ukraine
"Шкіряна чоловіча куртка Taurus, розмір S",Вживане,2 000 грн.,Ukraine
Чоловіча шкіряна куртка 56р,Вживане,600 грн.,Ukraine
Чоловіча кожана куртка хл,Вживане,205 грн.,Ukraine
Чоловіча шкіряна  куртка бомбер XXXL,Вживане,1 100 грн.,Ukraine
"Чорна шкіряна чоловіча куртка,б/у",Вживане,1 550 грн.Договірна,Ukraine
Шкіряна чоловіча куртка,Вживане,1 650 грн.,Ukraine
Куртка чоловіча шкіряна чорна розмір М 48,Вживане,1 300 грн.,Ukraine
Чоловіча куртка з натуральної шкіри,Нове,2 000 грн.,Ukraine
Чорна чоловіча зимова шкіряна куртка,Вживане,800 грн.Договірна,Ukraine
"Косуха чоловіча, шкіряна куртка WIN CLUB",Нове,800 грн.Договірна,Ukraine
Курточка           чоловіча      шкіряна     чорна,Вживане,1 000 грн.,Ukraine
"Куртка чоловіча шкіряна,шкіра ""лайка""",Нове,1 990 грн.Договірна,Ukraine
"Чоловіча шкіряна куртка Ross & Cole, розмір 54-56 нова з біркою",Нове,4 000 грн.,Ukraine
Чоловіча шкіряна куртка Massimo Dutti,Вживане,4 000 грн.,Ukraine
Шкіряна Чоловіча Куртка,Вживане,1 300 грн.Договірна,Ukraine
Чоловічий шкіряний жакет на меху,Вживане,3 000 грн.,Ukraine
Фірмова шкіряна куртка чоловіча,Вживане,330 грн.,Ukraine
Чоловіча італійська шкіряна куртка Nivola Size L xl,Вживане,1 600 грн.Договірна,Ukraine
Куртка чоловіча шкіряна,Вживане,700 грн.Договірна,Ukraine
Куртка шкіряна чоловіча,Вживане,1 000 грн.,Ukraine
52/54 Зимова куртка шкіряна чоловіча,Вживане,500 грн.,Ukraine
Продається шкіряна чоловіча  куртка в гарному стані,Вживане,900 грн.,Ukraine
Чоловіча шкіряна куртка на розмір XL,Вживане,1 000 грн.,Ukraine
Куртка з натуральної шкіри,Нове,2 000 грн.,Ukraine
Шкіряна куртка чоловіча Tommy Hilfiger,Нове,4 999 грн.,Ukraine
Шкіряна чоловіча куртка пальто,Вживане,9 999 грн.Договірна,Ukraine
"Куртка чоловіча, Натуральна шкіра",Вживане,1 500 грн.,Ukraine
Куртка натуральна шкіра чоловіча,Вживане,550 грн.Договірна,Ukraine
Продам  шкіряну  чоловічу дубльонку,Вживане,1 000 грн.,Ukraine
Чоловіча шкіряна куртка Massimo Dutti,Вживане,4 000 грн.,Ukraine
Продам шкіряну куртку чоловічу 48го розміру.,Вживане,2 500 грн.Договірна,Ukraine
Куртка шкіряна S нова,Нове,200 грн.,Ukraine
"Шкіряна, зимова чоловіча куртка.",Вживане,3 500 грн.,Ukraine
Чоловіча шкіряна куртка,Вживане,1 245 грн.,Ukraine
Кожаная натуральная куртка мужская,Вживане,1 000 грн.,Ukraine
Куртка чоловіча шкіряна,Нове,1 650 грн.,Ukraine
Чоловіча шкіряна куртка,Вживане,1 600 грн.,Ukraine
Вінтажна шкіряна чоловіча куртка,Вживане,6 000 грн.,Ukraine
Чоловіча шкіряна дублянка,Вживане,2 000 грн.,Ukraine
Косуха шкіряна чоловіча,Вживане,5 500 грн.,Ukraine
куртка шкіряна чоловіча 52 роз на 4 -5 зріст,Вживане,200 грн.,Ukraine
Продам гарну молодіжну шкіряну чоловічу куртку,Вживане,1 800 грн.Договірна,Ukraine
Шкіряна чоловіча куртка,Нове,735 грн.,Ukraine
куртка чоловіча шкіряна,Вживане,1 250 грн.,Ukraine
Шкіряна чоловіча куртка  ретро 90-х,Нове,5 500 грн.,Ukraine
Продаю  турецьку чоловічу кожану куртку га меху,Вживане,1 500 грн.Договірна,Ukraine
Шкіряна куртка чоловіча Xl,Вживане,1 000 грн.,Ukraine
Чоловіча шкіряна куртка осінь-зима,Вживане,5 000 грн.Договірна,Ukraine
Чоловіча шкіряна демісезонна куртка. Розмір 12 XL. В доброму стані.,Вживане,1 000 грн.,Ukraine
Дяблянка шкіряна чоловіча,Вживане,3 000 грн.,Ukraine
Кожана зимова куртка чоловіча,Вживане,10 000 грн.,Ukraine
Куртка шкіряна чоловіча утеплена,Вживане,6 500 грн.Договірна,Ukraine
Куртка GUESS чоловіча,Нове,6 999 грн.Договірна,Ukraine
Шкіряна дубльонка чоловіча,Нове,5 150 грн.,Ukraine
Чоловіча шкіряна куртка Antony Morato,Вживане,1 333 грн.,Ukraine
Шкіряна куртка чоловіча,Вживане,250 грн.,Ukraine
Дублёнка мужская,Нове,1 500 грн.Договірна,Ukraine
Шкіряна куртка чоловіча,Вживане,948 грн.Договірна,Ukraine
HIT Шкіряна куртка чоловіча | чорна кожанка,Нове,1 370 грн.,Ukraine
Чоловіча шкіряна куртка,Вживане,1 790 грн.,Ukraine
Зимова шкіряна чоловіча куртка,Нове,5 000 грн.,Ukraine
Куртка чоловіча шкіра,Вживане,1 040 грн.,Ukraine
куртка шкіряна чоловіча,Вживане,800 грн.Договірна,Ukraine
"Чоловіча дублянка,    натуральна,розмір M/LL",Вживане,2 300 грн.,Ukraine
Куртка кожаная Ben Sherman XL (50-52) новая премиум качество,Нове,3 500 грн.Договірна,Ukraine
Оригинал куртка двухсторонняя Nike Therma Fit DD6849-326,Нове,3 499 грн.Договірна,Ukraine
Чоловіча Шкіряна куртка Engbers Lamb Discovery,Вживане,1 750 грн.Договірна,Ukraine
Чоловіча шкіряна куртка,Нове,1 000 грн.,Ukraine
"Куртка шкіряна, натуральне хутро",Вживане,2 999 грн.,Ukraine
Шкіряна куртка утеплена на хутрі. розмір (L-xl),Вживане,5 200 грн.Договірна,Ukraine
"Куртка чоловіча, Натуральна шкіра",Вживане,1 500 грн.,Ukraine
Чоловіча кіряна куртка Philipp Plein М/Л,Вживане,3 000 грн.,Ukraine
Куртка чоловіча натуральна,Нове,1 000 грн.,Ukraine
Чоловіча шкіряна куртка з натуральним хутром.,Вживане,2 000 грн.,Ukraine
Чоловіча шкірянка з оленячим хутром. GF Ferre,Вживане,1 900 грн.,Ukraine
Шкіряна чоловіча куртка,Вживане,500 грн.,Ukraine
куртка кожанная   мужская,Вживане,2 800 грн.,Ukraine
Шкіряна дублянка чоловіча,Вживане,2 000 грн.,Ukraine
Новий оригінал овершот Belstaff Rail Overshirt,Нове,3 350 грн.,Ukraine
Куртка шкіряна чоловіча,Вживане,2 500 грн.,Ukraine
"Чоловіча куртка шкіряна, стан ідеальний",Вживане,1 900 грн.Договірна,Ukraine
Куртка шкіряна чоловіча терміново,Вживане,150 грн.,Ukraine
Куртки  зимові і шкіряна чоловіча,Вживане,420 грн.,Ukraine
Шкіряна чоловіча куртка Blend чорного кольору розміру L,Вживане,2 500 грн.Договірна,Ukraine
"Куртка Sinsay осінь чоловіча нова, розмір XXL (також XS, S, M)",Нове,670 грн.,Ukraine
Шкіряна чоловіча куртка,Вживане,1 300 грн.,Ukraine
"Куртка чоловіча шкіряна, Cabrini",Вживане,950 грн.,Ukraine
Шкіряна Чоловіча курточка!!!,Вживане,790 грн.,Ukraine
"ОРИГІНАЛ!! Harley Davidson, шкіряна куртка, кожанка, мотоцикли, S роз",Вживане,10 499 грн.Договірна,Ukraine
Куртка Шкіряна оригінал Milestone зимова шкіряна куртка Франція,Нове,17 000 грн.,Ukraine
Куртка кожаная Ben Sherman XL (50-52) новая премиум качество,Нове,3 500 грн.Договірна,Ukraine
Куртка чоловіча шкіряна,Вживане,1 600 грн.,Ukraine
Чоловіча шкіряна куртка нова,Нове,2 070 грн.,Ukraine
Чоловіча нова зимова шкіряна куртка,Нове,2 300 грн.,Ukraine
Чоловіча шкіряна куртка Boohoo Man,Вживане,250 грн.,Ukraine
Чоловіча шкіряна куртка,Вживане,5 200 грн.,Ukraine
Чоловіча шкіряна куртка Colin’s,Вживане,1 100 грн.,Ukraine
Чоловіча  шкіряна куртка,Вживане,1 300 грн.,Ukraine
Куртка шкіряна авіатор Pall Mall air cruisers XL чоловіча,Вживане,5 500 грн.,Ukraine
Чоловіча шкіряна куртка пілот цигейка,Нове,770 грн.,Ukraine
Дублянка чоловіча натуральна шкіра на овчині,Нове,10 000 грн.,Ukraine
Продам куртку з натуральноі шкіри,Вживане,4 500 грн.,Ukraine
"Косуха з бичачей шкіри Levi’s, M",Нове,16 500 грн.,Ukraine
Продам мужскую кожаную куртку Zilli 52р(Франция),Нове,15 000 грн.,Ukraine
"Чоловіча шкіряна куртка-бомбер на хутрі (овчині), розмір 52",Вживане,890 грн.,Ukraine
Куртка шкіряна. Чоловіча. Б/В.,Вживане,300 грн.,Ukraine
"Вінтажна шкіряна чоловіча куртка Military, р. L",Вживане,2 400 грн.,Ukraine
Чоловіча шкіряна куртка.,Вживане,250 грн.,Ukraine
Шкіряна куртка Milestone чоловіча з утеплювачем,Вживане,630 грн.,Ukraine
Кутка шкіряна чоловіча,Вживане,850 грн.,Ukraine
Шкіряна куртка чоловіча,Вживане,350 грн.,Ukraine
Куртка чоловіча шкіряна,Вживане,900 грн.Договірна,Ukraine
"Чоловіча дублянка з натуральної шкіри, підкладка - натуральна овчина",Вживане,3 100 грн.,Ukraine
Шкіряна куртка чоловіча,Вживане,2 200 грн.Договірна,Ukraine
Мужская дубленка 52 размер,Вживане,960 грн.,Ukraine
"Чоловіча дублянка,    натуральна,розмір M/LL",Вживане,2 300 грн.,Ukraine
Оригинальный пуховик tiger force красный,Вживане,1 499 грн.Договірна,Ukraine
Куртка шкіряна чорна чоловіча курточка шкіра кожанка кожа,Вживане,4 500 грн.Договірна,Ukraine
Куртка шкіряна чоловіча зимова,Нове,1 500 грн.Договірна,Ukraine
Шкіряна куртка чоловіча,Вживане,350 грн.,Ukraine
Шкіряна чоловіча дублянка,Вживане,4 500 грн.,Ukraine
Куртка шкіряна чоловіча,Вживане,4 500 грн.,Ukraine
Кожана зимова куртка чоловіча,Вживане,10 000 грн.,Ukraine
Шкіряна чоловіча куртка,Вживане,500 грн.,Ukraine
Кожаная куртка эксклюзив для рынка США,Нове,6 000 грн.Договірна,Ukraine
"Чоловіча шкіряна куртка Ciro Citterio (натуральна шкіра), розмір L",Вживане,1 400 грн.Договірна,Ukraine
Куртка Шкіряна чоловіча Зимова,Вживане,4 500 грн.Договірна,Ukraine
"Куртка шкіряна чол  TCM  Tchibo р 50-52, ц 4500 гр, нова,  орігінал",Нове,4 500 грн.,Ukraine
Продам натуральну шкіряну куртку,Вживане,2 999 грн.,Ukraine
"Косуха з бичачей шкіри Levi’s, M",Нове,16 500 грн.,Ukraine
Продається кожана куртка чоловіча,Вживане,8 500 грн.,Ukraine
"Куртка чоловіча Levi's, розмір М",Вживане,3 000 грн.,Ukraine
"Куртка шкіряна чоловіча, розмір XL, стан чудовий",Вживане,3 000 грн.,Ukraine
Чоловіча шкіряна куртка,Нове,6 000 грн.Договірна,Ukraine
Кожаная куртка. Шкіряна куртка чоловіча мотокуртка,Вживане,2 200 грн.Договірна,Ukraine
Чоловіча зимова куртка шкіряна М,Вживане,3 000 грн.Договірна,Ukraine
Шкіряна куртка теляча стильна чоловіча з коміром стійкою Дніпро.,Нове,5 500 грн.Договірна,Ukraine
"Чоловіча шкіряна куртка Inci, стьобана, з хутряним коміром, L",Вживане,2 700 грн.,Ukraine
Чоловіча шкіряна куртка (косуха) Enrico Ferretti,Вживане,4 000 грн.Договірна,Ukraine
Чоловіча зимова шкіряна куртка,Вживане,3 800 грн.Договірна,Ukraine
"Шкіряна куртка Aeronautica Militare, lambskin, XL",Вживане,13 500 грн.Договірна,Ukraine
Вінтажна шкіряна куртка бомбер/Vintage leather bomber jacket,Вживане,1 390 грн.Договірна,Ukraine
Мужская кожаная куртка.,Вживане,1 100 грн.,Ukraine
Warren & Parker кожаная мужская  куртка Размер XL,Вживане,2 700 грн.,Ukraine
Чоловіча шкіряна куртка P-3 G-Star RAW L,Нове,10 500 грн.,Ukraine
Кожаная мужская куртка,Нове,900 грн.,Ukraine
Куртка чоловіча шкіряна .Стильна. Розмір-48-50.,Нове,8 000 грн.,Ukraine
Куртка чоловіча шкіряна Umberto Pellone,Вживане,2 300 грн.,Ukraine
Мотокуртка чоловіча. Куртка шкіряна RICHA p-p 48,Вживане,1 100 грн.Договірна,Ukraine
Чоловіча шкіряна куртка розмір L,Вживане,1 245 грн.Договірна,Ukraine
Чоловіча шкіряна куртка на розмір XL,Вживане,1 000 грн.,Ukraine
Куртка шкіряна чоловіча зимова,Нове,1 500 грн.Договірна,Ukraine
Куртка з натуральної шкіри,Нове,2 000 грн.,Ukraine
Шкіряна куртка Burberry Brit,Вживане,29 999 грн.,Ukraine
Чоловіча зимова шкіряна куртка,Вживане,1 300 грн.,Ukraine
"Чоловіча шкіряна куртка, розмір л.",Вживане,1 300 грн.,Ukraine
Продам мужскую демисезонную куртку из ЭКО кожи Motel.,Вживане,500 грн.,Ukraine
Чоловіча шкіряна куртка весна осінь. Розмір - 58.,Нове,1 050 грн.Договірна,Ukraine
Куртка шкіряна чоловіча PalZileri Lab,Вживане,5 000 грн.Договірна,Ukraine
Шкіряна чоловіча зимова куртка хутро вовка,Вживане,4 000 грн.,Ukraine
Куртка шкіряна чоловіча/куртка кожаная мужская /Jasper Conran / L,Нове,3 500 грн.,Ukraine
Чоловіча шкіряна куртка з натуральним хутром.,Вживане,2 000 грн.,Ukraine
Куртка шкіряна чоловіча з натуральним хутром,Вживане,1 200 грн.,Ukraine
Куртка чоловіча шкіряна,Вживане,1 200 грн.,Ukraine
Чоловіча шкіряна куртка чорна комір стійка,Нове,1 100 грн.,Ukraine
Camel Active нова чоловіча шкіряна куртка,Нове,3 700 грн.,Ukraine
Чоловіча шкіряна куртка,Вживане,750 грн.,Ukraine
Чоловіча шкіряна куртка,Нове,1 000 грн.,Ukraine
Чоловіча шкіряна куртка дублянка B-3 зима овчина натуральна пілот,Вживане,12 000 грн.Договірна,Ukraine
Чоловіча шкіряна куртка 54,Вживане,5 500 грн.,Ukraine
Чоловіча шкіряна куртка кожанка Massimo Dutti,Вживане,2 000 грн.,Ukraine
Продам шкіряну чоловічу куртку,Вживане,1 500 грн.Договірна,Ukraine
Чоловіча шкіряна куртка,Вживане,1 900 грн.,Ukraine
Куртка чоловіча перфорована шкіра,Вживане,800 грн.Договірна,Ukraine
Куртка чоловіча шкіряна,Вживане,900 грн.Договірна,Ukraine
Куртка Шкіряна чоловіча Зимова,Вживане,4 500 грн.Договірна,Ukraine
Чоловіча шкіряна теплюща 54 р б/у.,Вживане,455 грн.,Ukraine
"Чоловіча шкіряна куртка, 58 розмір",Вживане,3 500 грн.,Ukraine
Шкіряна куртка Milestone чоловіча з утеплювачем,Вживане,630 грн.,Ukraine
"Куртка Sinsay осінь чоловіча нова, розмір XXL (також XS, S, M)",Нове,670 грн.,Ukraine
Куртка  шкірянка чоловіча льотна без значків з міцної натуральної шкір,Вживане,3 200 грн.,Ukraine
Шкіряна куртка чоловіча,Вживане,350 грн.,Ukraine
Шкіряна чоловіча куртка Marc O'Polo,Вживане,6 000 грн.,Ukraine
Чоловіча шкірянка zara утеплена S,Вживане,950 грн.,Ukraine
Продам  шкіряну  чоловічу дубльонку,Вживане,1 000 грн.,Ukraine
Чоловіча  шкіряна куртка,Вживане,1 300 грн.,Ukraine
Куртка шкіряна чоловіча (Levinson),Вживане,2 000 грн.Договірна,Ukraine
Кожаная натуральная куртка мужская,Вживане,1 000 грн.,Ukraine
Чоловіча куртка Zara XL чорна шкіра нова,Нове,3 700 грн.,Ukraine
"Шкіряна чоловіча куртка,жакет 48",Вживане,420 грн.,Ukraine
Шкіряна чоловіча куртка з хутром розмір М,Вживане,2 100 грн.,Ukraine
Шкіряна/замшева чоловіча куртка Mango (L),Вживане,450 грн.,Ukraine
Куртка шкіряна чоловіча,Вживане,420 грн.,Ukraine
"Куртка чоловіча шкіряна, б/в",Вживане,500 грн.,Ukraine
Шкіряна куртка чоловіча,Вживане,1 000 грн.,Ukraine
Шкіряна куртка чоловіча,Вживане,350 грн.,Ukraine
Чоловіча куртка - зима,Вживане,3 000 грн.,Ukraine
Кожанка чоловіча нова Dolmany,Нове,2 700 грн.,Ukraine
Шкірянка чоловіча нова,Нове,500 грн.,Ukraine
Шкіряна зимова куртка чоловіча,Вживане,3 600 грн.,Ukraine
Чоловіча шкіряна куртка(кожзам),Нове,1 999 грн.,Ukraine
"Дублянка чоловіча з натуральної овчини, шкіряна",Вживане,2 000 грн.,Ukraine
Натуральная кожа. новая розмер М,Вживане,2 800 грн.,Ukraine
Шкіряна куртка зимова,Вживане,3 000 грн.,Ukraine
Оригінальна Чоловіча двухсторонн курточка Brunnelo Cucinelli,Вживане,30 000 грн.,Ukraine
Зимова чоловіча або підліткова куртка Calvin Klein,Нове,7 200 грн.Договірна,Ukraine
Шкіряна чоловіча куртка,Вживане,3 000 грн.,Ukraine
"Чоловіча шкіряна куртка з утепленням (овчина), XS",Вживане,1 500 грн.,Ukraine
Чоловіча шкіряна дублянка,Вживане,3 500 грн.,Ukraine
Куртка шкіряна чоловіча. Зйомна підкладка на молнії,Вживане,2 200 грн.,Ukraine
Куртка шкіряна чоловіча терміново,Вживане,150 грн.,Ukraine
Куртка шкіряна чоловіча фірми Smart range,Вживане,2 899 грн.Договірна,Ukraine
Продається шкіряна чоловіча куртка,Вживане,4 500 грн.,Ukraine
"Шкіряна косуха чоловіча, стиль байкер",Вживане,5 000 грн.,Ukraine
Чоловіча шкіряна куртка-пропітка. виробник Турція.,Вживане,1 650 грн.Договірна,Ukraine
Куртка чоловіча осінь шкіра,Вживане,450 грн.,Ukraine
Куртка шкіряна чоловіча,Вживане,1 200 грн.,Ukraine
Чоловіча шкіряна куртка з натуральним хутром,Вживане,1 800 грн.,Ukraine
Чоловіча Кожанка Giani,Вживане,800 грн.,Ukraine
"чоловіча шкіряна куртка BIZZON, розмір L",Вживане,1 850 грн.,Ukraine
Чоловіча шкіряна куртка Осінь Весна,Вживане,400 грн.,Ukraine
Шкіряна Куртка чоловіча,Вживане,5 000 грн.,Ukraine
Куртка чоловіча шкіряна,Вживане,1 200 грн.,Ukraine
Шкіряна чоловіча куртка,Нове,9 000 грн.,Ukraine
Куртка натуральна шкіра,Вживане,950 грн.,Ukraine
Чоловіча шкіряна  куртка,Вживане,4 000 грн.,Ukraine
Шкіряна куртка woodland ( натуральна NAPPA шкіра ),Вживане,2 299 грн.Договірна,Ukraine
чоловіча шкіряна тепла куртка,Вживане,4 900 грн.,Ukraine
Чоловіча шкіряна куртка Colin’s,Вживане,1 100 грн.,Ukraine
Куртка чоловіча шкіряна,Вживане,4 500 грн.,Ukraine
Шкіряна чоловіча куртка ARES,Вживане,1 500 грн.,Ukraine
Шкіряна куртка чоловіча,Вживане,700 грн.,Ukraine
"Нова  шкіряна куртка, M",Вживане,950 грн.,Ukraine
Куртка чоловіча Franco Morelli,Вживане,2 000 грн.,Ukraine
Чоловіча шкіряна куртка| Турецька шкірянка| кожанка| Шкіряна куртка,Нове,1 599 грн.,Ukraine
Кожаная мужская куртка,Вживане,700 грн.,Ukraine
Куртка шкіряна чоловіча,Вживане,1 300 грн.Договірна,Ukraine
Куртка шкіряна. Чоловіча. Б/В.,Вживане,300 грн.,Ukraine
"Чоловіча шкіряна куртка з хутром (дублянка) Commandments, розмір 54 (",Вживане,1 600 грн.Договірна,Ukraine
"Куртка чоловіча, Натуральна шкіра",Вживане,1 500 грн.,Ukraine
Курткa шкірянa чоловічa,Вживане,600 грн.Договірна,Ukraine
Нова/ шкіряна /чоловіча куртка/Gio Ricci exclusive.,Нове,5 555 грн.,Ukraine
"Чоловіча шкіряна куртка 52 розмір, 100% натуральна, хутро і замша",Нове,2 450 грн.,Ukraine
Чоловіча шкіряна куртка Jennie's 52 розмір,Вживане,2 300 грн.Договірна,Ukraine
"Куртка чоловіча шкіряна, 56 розмір",Вживане,490 грн.,Ukraine
Чоловіча зимова шкіряна куртка. Дубльонка . Дублянка,Нове,5 500 грн.,Ukraine
Чоловіча шкірянка,Вживане,300 грн.,Ukraine
Чоловіча шкіряна куртка,Вживане,1 700 грн.,Ukraine
Шкіряна куртка зі шкіри ягняти,Нове,4 500 грн.,Ukraine
куртка шкіряна чоловіча 52 роз на 4 -5 зріст,Вживане,200 грн.,Ukraine
"Куртка шкіряна , чоловіча, чорного кольору",Вживане,700 грн.,Ukraine
"Куртка шкіряна , чоловіча, чорного кольору",Вживане,700 грн.,Ukraine
Куртка шкіряна чоловіча,Вживане,490 грн.,Ukraine
"Люкс, брендова чоловіча куртка Marco Conti, Норвегія. Натуральна шкіра",Нове,7 500 грн.Договірна,Ukraine
Зимова чоловіча кожана куртка мутон / норка,Вживане,15 000 грн.,Ukraine
Шкіряна куртка чоловіча,Вживане,630 грн.,Ukraine
"Куртка Timberland  шкіряна чоловіча вінтажна (шкірянка, кожанка)",Вживане,3 500 грн.,Ukraine
Косуха чоловіча шкіряна,Вживане,4 990 грн.,Ukraine
Чоловіча осіня куртка. Розмір L. Шкіряна (замша),Вживане,890 грн.Договірна,Ukraine
Куртка-кожанка чоловіча,Вживане,700 грн.,Ukraine
Куртка мужская кожаная Jennie's.Испания,Вживане,1 480 грн.,Ukraine
Куртка шкіряна чоловіча р.М-L,Вживане,700 грн.,Ukraine
Куртка кожаная мужская,Вживане,1 000 грн.,Ukraine
Куртка шкіряна чоловіча,Вживане,2 061 грн.,Ukraine
"Шкіряна куртка чоловіча,зимова.Otto Kern оригінал",Нове,30 000 грн.,Ukraine
"Чоловіча шкіряна куртка з натуральної шкіри, діловий джентльмен XXL",Нове,1 200 грн.,Ukraine
Шкіряна куртка чоловіча,Нове,2 000 грн.,Ukraine
Кожанка чоловіча Zara,Вживане,650 грн.,Ukraine
Куртка шкіряна чоловіча демісезонна,Вживане,1 900 грн.,Ukraine
"Чоловіча шкіряна куртка, розмір М.",Вживане,2 000 грн.Договірна,Ukraine
Куртка чоловіча шкіряна.,Нове,10 000 грн.,Ukraine
"Шкіряна чоловіча куртка, кожанка М",Вживане,3 200 грн.,Ukraine
Куртка кожаная Ben Sherman XL (50-52) новая премиум качество,Нове,3 500 грн.Договірна,Ukraine
Продаю чоловічу шкіряну куртку розміру L,Вживане,900 грн.,Ukraine
Шкіряна чоловіча куртка,Вживане,500 грн.,Ukraine
Шкіряна мото куртка POLO | натуральна шкіра 48р!,Вживане,2 000 грн.,Ukraine
Чоловіча шкіряна куртка,Нове,2 000 грн.Договірна,Ukraine
Шкіряна куртка на мєху чоловіча розмір м,Нове,3 000 грн.,Ukraine
Чоловіча шкіряна байкерська куртка  size XL,Вживане,1 450 грн.,Ukraine
Мужская дубленка,Нове,4 300 грн.,Ukraine
Куртка замшева чоловіча.,Вживане,250 грн.,Ukraine
Італійська шкіряна куртка чоловіча,Вживане,1 500 грн.,Ukraine
Чоловіча шкіряна косуха Benibos чорна розмір,Нове,2 000 грн.Договірна,Ukraine
Чоловіча зимня шкіряна куртка,Вживане,600 грн.Договірна,Ukraine
Шкіряна чоловіча куртка,Вживане,3 000 грн.,Ukraine
Чоловіча шкіряна куртка Veronique Branquinho,Вживане,7 500 грн.Договірна,Ukraine
Чоловіча шкіряна обув Fabi Італія,Нове,7 300 грн.,Ukraine
Куртка чоловіча з натуральної шкіри,Вживане,1 500 грн.,Ukraine
Шкіряна куртка / кожаная курточка,Вживане,1 000 грн.,Ukraine
Куртка чоловіча шкіряна зимова великий розмір,Вживане,1 150 грн.Договірна,Ukraine
"Шкіряна куртка чоловіча, подовжена",Вживане,730 грн.,Ukraine
Мужская кожаная мотоциклетная куртка DIFI размер 54,Вживане,1 200 грн.,Ukraine
Чоловіча шкіряна куртка  шоколад,Вживане,3 100 грн.,Ukraine
Шкіряна чоловіча курточка Pierre Cardin,Вживане,3 000 грн.,Ukraine
Чоловіча шкіряна куртка,Вживане,1 790 грн.,Ukraine
Чоловіча шкіряна куртка бомпер,Нове,950 грн.,Ukraine
"Шкіряна чоловіча хутрова куртка, зимова шкіряна куртка",Вживане,3 000 грн.,Ukraine
"Куртка кожана,чоловіча. Весна, Літо,Осінь!",Нове,1 997 грн.,Ukraine
Чоловіча шкіряна байкерська куртка косуха C&A Розмір М-Л Натур Шкіра,Вживане,2 400 грн.,Ukraine
Шкіряна куртка чоловіча,Вживане,600 грн.,Ukraine
"Шкіряна чоловіча куртка з Італії, бренд Bata",Нове,1 850 грн.Договірна,Ukraine
"Куртка шкіряна чоловіча, або унісекс",Нове,1 250 грн.,Ukraine
Куртка чоловіча шкіряна,Вживане,520 грн.,Ukraine
Чоловіча куртка шкіряна Турція (куртка кожаная),Нове,5 100 грн.,Ukraine
Чоловіча шкіряна куртка zara,Нове,4 100 грн.,Ukraine
"Чоловіча зимова шкіряна куртка,розмір XXXL",Вживане,1 900 грн.,Ukraine
"Шкіряна куртка Jack & Jones, розмір M",Вживане,900 грн.Договірна,Ukraine
"НАТУРАЛЬНАЯ ОВЕЧЬЯ КОЖА!! Кожаная куртка Brunello Cucinelli-2XL,3XL",Нове,37 600 грн.,Ukraine
Вінтажна дизайнерська куртка Frans Molenaar,Вживане,600 грн.,Ukraine
Кожаная куртка  (Турция),Нове,2 600 грн.,Ukraine
Куртка нова чоловіча шкіряна  Boss,Вживане,12 000 грн.Договірна,Ukraine
Куртка шкіряна на овчині,Вживане,3 300 грн.Договірна,Ukraine
Шкіряна чоловіча куртка zegna,Нове,37 800 грн.,Ukraine
Куртка шкіряна чоловіча,Вживане,900 грн.,Ukraine
"чоловіча шкіряна байкерська куртка, косуха size 56",Вживане,1 250 грн.,Ukraine
Чоловіча шкіряна куртка на дві сторони. Нова з біркою,Нове,13 500 грн.,Ukraine
Кожана куртка чоловіча,Вживане,900 грн.Договірна,Ukraine
Шкіряна чоловіча куртка,Вживане,2 100 грн.Договірна,Ukraine
Куртка чоловіча шкіряна з натурального хутра,Вживане,2 300 грн.Договірна,Ukraine
Куртка шкіряна чоловіча/куртка кожаная мужская/ St. George by Duffer,Вживане,3 000 грн.,Ukraine
Чоловіча шкіряна куртка,Нове,1 850 грн.,Ukraine
Шкіряна чоловіча куртка,Вживане,4 100 грн.,Ukraine
"Продам чоловічу шкіряну куртку, дублянку",Вживане,3 000 грн.,Ukraine
Куртка чоловіча натуральна,Нове,1 000 грн.,Ukraine
"Чоловіча шкіряна куртка, бомбер, розмір 54-56, Італія",Вживане,950 грн.,Ukraine
Чоловіча шкіряна куртка Colin’s,Вживане,900 грн.Договірна,Ukraine
Куртка шкіряна чоловіча. Розмір L,Нове,3 100 грн.Договірна,Ukraine
Стильна чоловіча шкіряна куртка,Нове,4 500 грн.,Ukraine
"Куртка шкіряна, натуральне хутро",Вживане,2 999 грн.,Ukraine
Шкіряна натуральна чоловіча куртка розмір L,Нове,1 100 грн.,Ukraine
Куртка шкіряна чоловіча,Вживане,850 грн.,Ukraine
Шкіряна куртка чоловіча,Вживане,550 грн.,Ukraine
Шкіряна чоловіча куртка,Нове,4 000 грн.Договірна,Ukraine
Куртка шкіряна чоловіча  з норкою  XL,Вживане,2 100 грн.,Ukraine
Куртка чоловіча шкіряна натуральна,Нове,5 000 грн.Договірна,Ukraine
Шкіряна чоловіча куртка авіатор на овчині pierre jacques aviator,Вживане,2 700 грн.,Ukraine
Чоловіча натуральна шкіряна куртка,Вживане,740 грн.,Ukraine
Чоловіча шкіряна куртка,Нове,3 000 грн.,Ukraine
Куртка шкіряна чоловіча.,Нове,2 400 грн.,Ukraine
Кожаная мужская куртка в наличии несколько,Вживане,1 000 грн.,Ukraine
Муская кожаная куртка пилот,Вживане,2 200 грн.,Ukraine
Чоловіча шкіряна куртка,Нове,4 100 грн.,Ukraine
Чоловіча зимова шкіряна куртка 62 розмір,Нове,10 500 грн.,Ukraine
Чоловіча шкіряна куртка утеплена розмір L мужская кожаная куртка тренч,Нове,2 800 грн.,Ukraine
Чоловіча шкіряна курточа,Вживане,550 грн.,Ukraine
"Чоловіча шкіряна куртка,натуральна шкіра",Вживане,2 500 грн.Договірна,Ukraine
"Чоловіча, чорна, шкіряна зимова куртка",Вживане,15 000 грн.Договірна,Ukraine
Куртка кожна чоловіча,Вживане,3 000 грн.,Ukraine
Куртка шкіряна чоловіча,Нове,1 000 грн.Договірна,Ukraine
Чоловіча шкіряна куртка,Нове,12 000 грн.,Ukraine
Шкіряна чоловіча куртка,Вживане,2 000 грн.,Ukraine
"Чоловіча шкіряна куртка Ross & Cole, розмір 54-56 нова з біркою",Нове,4 000 грн.,Ukraine
Куртка чоловіча (мужская) шкіряна Pierre Cardin,Вживане,1 000 грн.,Ukraine
Чоловіча шкіряна куртка в стилі Fendi розмір М,Нове,5 100 грн.,Ukraine
Куртка/Куртка шкіряна/Куртка чоловіча,Вживане,999 грн.,Ukraine
"Куртка шкіряна, чоловіча розмір XL",Вживане,1 100 грн.Договірна,Ukraine
Чоловіча шкіряна куртка пілот цигейка,Нове,770 грн.,Ukraine
Куртка Чоловіча Шкіряна,Вживане,2 540 грн.,Ukraine
Шкіряна куртка чоловіча,Вживане,750 грн.Договірна,Ukraine
Шкіряна чоловіча куртка,Вживане,1 000 грн.,Ukraine
Шкіряна куртка Religion,Вживане,3 599 грн.Договірна,Ukraine
Шкіряна куртка чоловіча Fhilipp Plein,Вживане,5 000 грн.,Ukraine
Шкіряна чоловіча куртка,Вживане,500 грн.,Ukraine
Фірмова шкіряна чоловіча куртка Soleil Arden 50 р,Нове,1 500 грн.,Ukraine
"Куртка шкіряна ф- ми CHAPS р, XL.",Вживане,2 500 грн.,Ukraine
"Чоловіча шкіряна куртка s.Oliver, коричнева, розмір 56",Вживане,6 300 грн.Договірна,Ukraine
Шкіряні куртки чоловічі,Вживане,1 300 грн.,Ukraine
Шкіряна чоловіча тепла куртка Pierre Cardin,Вживане,3 500 грн.,Ukraine
Шкіряна куртка чоловіча розмір L,Вживане,650 грн.,Ukraine
Чоловіча шкіряна куртка Strellson,Вживане,6 000 грн.,Ukraine
Шкіряна куртка B.COAST,Вживане,1 400 грн.Договірна,Ukraine
Куртка зимова з хутром шкіряна чоловіча,Вживане,4 280 грн.,Ukraine
Кожана куртка чоловіча,Вживане,1 041 грн.,Ukraine
"Чоловіча шкіряна куртка, 99 грн",Вживане,99 грн.,Ukraine
Продам чоловічу кожану куртку,Вживане,500 грн.Договірна,Ukraine
"Чоловіча шкіряна куртка-бомбер Ashwood Luxury ,з Англії.",Нове,11 500 грн.,Ukraine
Куртка чоловіча шкіряна,Вживане,2 000 грн.Договірна,Ukraine
Чоловіча шкіряна куртка,Вживане,4 000 грн.,Ukraine
Куртка чоловіча шкіряна,Вживане,3 500 грн.,Ukraine
"Куртка чоловіча кожа S,M",Вживане,530 грн.,Ukraine
Куртка зимова шкіра чоловіча чорний колір нова  зимова,Нове,7 300 грн.,Ukraine
Чоловіча зимова шкіряна куртка з хутром,Вживане,6 100 грн.,Ukraine
Шкіряна зимова куртка,Вживане,3 000 грн.,Ukraine
Шкіряна чоловіча  куртка,Вживане,4 000 грн.Договірна,Ukraine
Чоловіча шкіряна куртка GINO MARCELLO Italia,Вживане,1 300 грн.Договірна,Ukraine
"Куртки чоловічі , виробник Туреччина",Нове,7 500 грн.,Ukraine
Куртка чоловіча шкіряна,Вживане,650 грн.Договірна,Ukraine
куртка чоловіча шкіра,Вживане,3 000 грн.,Ukraine
"Шкіряна демісезонна чоловіча куртка, р. 56",Вживане,2 000 грн.,Ukraine
Кожана чоловіча куртка розмір S,Вживане,800 грн.Договірна,Ukraine
Чоловіча шкіряна куртка. Натуральна шкіра,Вживане,1 600 грн.,Ukraine
Шкіряна куртка чоловіча нова,Нове,7 000 грн.,Ukraine
Шкіряна куртка чоловіча чорна,Вживане,400 грн.,Ukraine
"Нова, чоловіча шкіряна куртка фірми HUGO розмір L",Нове,12 000 грн.,Ukraine
Куртка чоловіча шкіряна,Вживане,500 грн.Договірна,Ukraine
Чоловіча куртка з натуральної шкіри,Вживане,1 500 грн.,Ukraine
Вінтажна шкіряна чоловіча куртка,Вживане,6 000 грн.,Ukraine
"Шкіряна куртка, чоловіча, зимова",Вживане,8 200 грн.,Ukraine
Чоловіча шкіряна куртка з подкладкою,Вживане,500 грн.Договірна,Ukraine
Нова куртка шкіряна чоловіча весна-осінь.,Нове,1 200 грн.,Ukraine
Шкіряна чоловіча куртка дублянка,Вживане,7 000 грн.,Ukraine
Angelo litrico р. xl шкіряна замшева чоловіча куртка стиль байкерська,Вживане,3 495 грн.,Ukraine
Дублянка--куртка шкіряна чоловіча,Вживане,1 550 грн.,Ukraine
Шкіряна чоловіча куртка розмір М,Вживане,1 000 грн.,Ukraine
"Куртка шкіряна чоловіча, тепла, розмір 52.",Вживане,1 700 грн.,Ukraine
Чоловіча шкіряна куртка Італія,Вживане,550 грн.,Ukraine
Шкіряна чоловіча куртка,Нове,7 500 грн.,Ukraine
Jack & jones р L замшева чоловіча шкіряна куртка бомбер коричнева рижа,Вживане,2 495 грн.,Ukraine
Куртка шкіряна чоловіча DONAR розмір L,Вживане,1 180 грн.Договірна,Ukraine
Чоловіча куртка з натуральної шкіри,Нове,2 100 грн.,Ukraine
"Продається чорна байкерська куртка нова, не підійшов розмір 2XL Азія",Нове,4 000 грн.,Ukraine
Куртка чоловіча екошкіра,Вживане,800 грн.Договірна,Ukraine
Шкіряна чоловіча куртка Promod,Вживане,350 грн.,Ukraine
Вінтажна чоловіча шкіряна куртка авіатор chevignon airs aviator flying,Вживане,8 500 грн.,Ukraine
Чоловіча шкіряна куртка Alexander Leather & Fur,Вживане,6 000 грн.,Ukraine
Чоловіча шкіряна сумка месенжер Pierre Cardin  сумка через плече,Нове,5 750 грн.,Ukraine
"Куртка чоловіча кожа, L",Вживане,750 грн.,Ukraine
"Шкіряна чоловіча куртка Levi’s, р. L",Вживане,2 500 грн.,Ukraine
Кожаная мужская куртка - Шкіряна чоловіча куртка,Вживане,2 800 грн.,Ukraine
Куртка шкіряна чоловіча с-м,Вживане,2 100 грн.Договірна,Ukraine
Шкіряна куртка чоловіча.,Вживане,900 грн.,Ukraine
Чоловіча шкіряна куртка.,Вживане,450 грн.,Ukraine
Чоловіча шкіряна куртка,Вживане,3 150 грн.,Ukraine
Шкіряна чоловіча куртка 56 розмір,Вживане,550 грн.,Ukraine
Чоловіча зимова куртка,Вживане,1 500 грн.Договірна,Ukraine
Шкіряна куртка чоловіча Actors L розмір,Вживане,1 850 грн.,Ukraine
Чоловіча шкіряна куртка Boohoo Man,Вживане,250 грн.,Ukraine
Шкіряна куртка чоловіча,Вживане,4 306 грн.,Ukraine
Куртка шкіряна (натуральна),Вживане,500 грн.Договірна,Ukraine
Куртка кожаная мужская фирменная Италия мотокуртка байкерская,Вживане,1 870 грн.,Ukraine
Шкіряна куртка чоловіча,Вживане,10 000 грн.Договірна,Ukraine
Чоловіча шкіряна куртка,Вживане,450 грн.,Ukraine
Чоловіча Шкірянка Emporio Armani,Вживане,1 650 грн.,Ukraine
Чоловіча куртка з натуральної шкіри,Нове,2 100 грн.,Ukraine
Чоловіча шкіряна зимова куртка натуральна хутро та шкіра Італія,Нове,2 500 грн.,Ukraine
Куртка шкіряна чоловіча весна-літо,Вживане,2 000 грн.Договірна,Ukraine
Продам чоловічу куртку із натуральної шкіри,Вживане,2 850 грн.Договірна,Ukraine
Шкіряна чоловіча куртка,Вживане,2 500 грн.,Ukraine
"Чоловіча шкіряна куртка Long Lion Sportswear, розмір 50",Вживане,2 300 грн.,Ukraine
Чоловіча шкіряна куртка L48,Вживане,300 грн.,Ukraine
ZARA чоловіча шкіряна куртка косуха,Вживане,940 грн.,Ukraine
Шкіряна чоловіча куртка,Вживане,1 500 грн.Договірна,Ukraine
Дублёнка мужская,Нове,1 500 грн.Договірна,Ukraine
Чоловіча шкіряна куртка.,Вживане,250 грн.,Ukraine
Куртка шкіряна чоловіча/ шкірянка чоловіча/шкіряна чорна куртка,Вживане,3 000 грн.Договірна,Ukraine
Мужская кожаная оригинальная курточка Diesel,Вживане,6 500 грн.,Ukraine
куртка чоловіча 46-48 розмір осінь/весна,Вживане,600 грн.,Ukraine
"Куртка кожана чоловіча,56/4",Вживане,1 800 грн.Договірна,Ukraine
Чоловіча шкіряня дублянка з натуральним хутром.,Вживане,1 500 грн.Договірна,Ukraine
Шкіряна  італійська куртка Gas чоловіча,Вживане,2 200 грн.Договірна,Ukraine
"Чоловіча шкіряна куртка Klaros, розмір 52 (L)",Вживане,4 000 грн.,Ukraine
Куртка кожана чоловіча,Вживане,900 грн.,Ukraine
Куртка Asgard шкіряна чоловіча з натуральної шкіри на синтепоні,Вживане,500 грн.,Ukraine
Чоловіча куртка.,Нове,1 500 грн.Договірна,Ukraine
Шкіряна чоловіча куртка бренд Selected Homme розмір L  made in India,Вживане,2 099 грн.Договірна,Ukraine
Шкіряна чоловіча куртка 52 розмір,Вживане,3 000 грн.,Ukraine
Пуховик шкіряний чоловічий,Нове,8 500 грн.,Ukraine
Чоловіча шкіряна фірмова куртка.,Нове,580 грн.,Ukraine
Шоколадна шкіряна чоловіча куртка на 54-56 роз. БУ,Вживане,1 050 грн.,Ukraine
Шкіряна чоловіча куртка,Вживане,1 000 грн.,Ukraine
Чоловіча шкіряна куртка фірми BOSTON.Б/У.,Вживане,1 600 грн.Договірна,Ukraine
Чоловіча Шкіряна куртка  нова,Нове,2 900 грн.Договірна,Ukraine
Jack and Jones Premium Lether (Чоловіча Шкіряна Куртка Бомбер Мужской,Вживане,2 490 грн.,Ukraine
Шкіряна чоловіча куртка,Вживане,1 500 грн.,Ukraine
Шкіряна чоловіча куртка зимова. Розмір М,Вживане,2 200 грн.,Ukraine
Чоловіча шкіряна куртка,Вживане,5 000 грн.Договірна,Ukraine
"Чоловіча шкіряна куртка-бомбер на хутрі (овчині), розмір 52",Вживане,890 грн.,Ukraine
Куртки шкіряні нові чоловічі,Нове,3 695 грн.Договірна,Ukraine
Натуральна шкіряна куртка чоловіча розмір L,Вживане,5 000 грн.,Ukraine
Куртка шкіряна чоловіча роз 50-52,Вживане,1 000 грн.,Ukraine
Куртка чоловіча нат.шкіра 46,Вживане,890 грн.,Ukraine
"Чорна шкіряна куртка, розмір S чоловіча",Вживане,500 грн.,Ukraine
Продається шкіряна чоловіча куртка LFTMAN,Вживане,400 грн.,Ukraine
"Куртка шкіряна чоловіча, розмір XXL, коричневого кольору",Вживане,5 150 грн.Договірна,Ukraine
"Шкіряне пальто, шкіряна чоловіча зимова куртка, дубленка",Вживане,2 500 грн.,Ukraine
Чоловіча натуральна шкіряна куртка,Нове,4 000 грн.,Ukraine
Стильна чоловіча шкіряна куртка,Вживане,2 500 грн.,Ukraine
Куртка шкіряна чоловіча,Вживане,550 грн.Договірна,Ukraine
Шкіряна куртка зимова,Вживане,3 800 грн.,Ukraine
Куртка кожаная мужская 52 54,Вживане,380 грн.,Ukraine
Шкіряна зимова куртка,Вживане,2 500 грн.,Ukraine
Куртка шкіряна чоловіча,Вживане,1 600 грн.Договірна,Ukraine
куртка кожанная   мужская,Вживане,2 800 грн.,Ukraine
Шкіряна дублянка чоловіча,Вживане,2 000 грн.,Ukraine
Чоловіча шкіряна дублянка,Вживане,7 500 грн.,Ukraine
Зимова шкіряна чоловіча куртка,Вживане,5 000 грн.Договірна,Ukraine
Куртка шкіряна чоловіча,Вживане,200 грн.,Ukraine
Куртка чоловіча шкіряна,Нове,4 990 грн.,Ukraine
"Чоловіча шкіряна куртка, розмір наш 58",Вживане,500 грн.,Ukraine
Чоловіча шкіряна куртка MDK | натуральна шкіра | розмір M,Нове,3 700 грн.,Ukraine
Дублёнка натуральная  мужская 50 р.,Нове,1 600 грн.Договірна,Ukraine
Куртка шкіряна (чоловіча),Вживане,3 000 грн.,Ukraine
Чоловіча шкіряна куртка aviator pilot пілот з натуральної шкіри .,Нове,4 300 грн.,Ukraine
Куртка шкіра чоловіча,Вживане,1 500 грн.,Ukraine
Куртка чоловіча шкіряна зимова,Вживане,8 700 грн.Договірна,Ukraine
Куртка 52 ХХЛ шкіряна чоловічі Yitesen Италия,Нове,1 999 грн.,Ukraine
Шкіряна  чоловіча куртка розмір s м,Вживане,1 500 грн.,Ukraine
Куртка шкіряна чоловіча,Вживане,2 500 грн.Договірна,Ukraine
Чоловіча шкіряна куртка,Вживане,1 600 грн.,Ukraine
Куртка шкіряна чоловіча,Вживане,1 000 грн.Договірна,Ukraine
Шкіряна куртка чоловіча,Вживане,800 грн.Договірна,Ukraine
Шкіряна куртка Tailor & Son L,Вживане,1 653 грн.,Ukraine
Куртка шкіряна чоловіча xl,Нове,600 грн.Договірна,Ukraine
Чоловіча шкіряна куртка,Нове,3 700 грн.,Ukraine
Шкіряна зимова чоловіча куртка чорна,Вживане,2 200 грн.Договірна,Ukraine
Чоловічі шкіряні бомбери різні моделі див.фото,Нове,8 900 грн.,Ukraine
Шкіряна куртка зима чоловіча,Нове,1 800 грн.,Ukraine
Косуха Reclaimed vintage шкіряна куртка чоловіча унісекс розмір S,Вживане,7 500 грн.,Ukraine
Чоловіча шкіряно-хутряна  куртка,Вживане,5 000 грн.Договірна,Ukraine
Чоловіча шкіряна куртка,Вживане,1 500 грн.,Ukraine
Чоловіча натуральна шкіряна куртка (50розмір). Нова.,Нове,12 000 грн.,Ukraine
Дубльонка чоловіча зимова куртка шкіряна,Нове,5 500 грн.,Ukraine
Шкіряна чоловіча куртка,Нове,6 000 грн.,Ukraine
Чоловіча шкіряна куртка Trussardi  оригінальна,Вживане,6 000 грн.,Ukraine
Куртка шкіряна чоловіча CLASSICS розмір М,Вживане,780 грн.Договірна,Ukraine
Чоловіча шкіряна куртка,Вживане,2 000 грн.,Ukraine
Чоловіча зимова шкіряна куртка,Нове,2 990 грн.,Ukraine
Шкіряна чоловіча куртка кожаная косуха,Вживане,1 450 грн.,Ukraine
Шкіряна куртка зимова чоловіча,Вживане,300 грн.Договірна,Ukraine
Продам чоловічу шкіряну куртку відомого бренду ручної роботи,Вживане,4 300 грн.Договірна,Ukraine
Куртка чоловіча шкіряна Trapper,Вживане,1 100 грн.Договірна,Ukraine
Шкірчна чоловіча куртка.,Вживане,1 000 грн.,Ukraine
Мужская кожаная куртка 50 р.,Вживане,1 200 грн.Договірна,Ukraine
Зимова чоловіча куртка,Нове,1 500 грн.,Ukraine
Чоловіча шкіряна куртка,Вживане,5 500 грн.,Ukraine
Clockhouse Leather Fur Jacket (Чоловіча Зимова Шкірянка на хутрі ),Вживане,3 490 грн.,Ukraine
Чоловіча шкіряна куртка  50-52 розм,Нове,400 грн.Договірна,Ukraine
Куртка чоловіча кожана,Вживане,1 800 грн.,Ukraine
Шкіряна чоловіча куртка Great Panther,Вживане,700 грн.,Ukraine
Шкіряна куртка чоловіча,Вживане,1 000 грн.Договірна,Ukraine
Шкіряна курточка чоловіча Jack Jones розмір S (чорна),Нове,4 699 грн.Договірна,Ukraine
Дублянка чоловіча натуральна 56 розмір Турція,Вживане,4 000 грн.Договірна,Ukraine
Куртка шкіряна чоловіча нова осінь-зима,Нове,1 600 грн.Договірна,Ukraine
Куртка шкіряна чоловіча,Вживане,3 000 грн.,Ukraine
Куртка шкіряна чоловіча утеплена camel,Вживане,1 960 грн.,Ukraine
Шкіряна куртка чоловіча утеплена хутром,Нове,1 100 грн.,Ukraine
Куртка шкіряна чоловіча,Вживане,2 500 грн.,Ukraine
"JACAMO,  чорна Нова шкіряна чоловіча куртка на міцного чоловіка",Нове,4 300 грн.,Ukraine
Чоловіча шкіряна куртка (штучна шкіра),Вживане,2 300 грн.,Ukraine
Шкіряна куртка codes combine 105,Вживане,1 500 грн.,Ukraine
Куртка шкіряна чоловіча,Вживане,6 555 грн.Договірна,Ukraine
Чоловіча Зимна куртка,Вживане,800 грн.,Ukraine
Куртка чоловіча шкіряна на хутрі . Чоловіча зимова куртка,Нове,2 490 грн.,Ukraine
Куртка шкіра чоловіча,Вживане,680 грн.Договірна,Ukraine
Кожана куртка/пальто чоловіча,Вживане,3 000 грн.,Ukraine
"Чоловіча зимова куртка, шкіряна парка чорна",Нове,1 390 грн.,Ukraine
Куртка шкіряна чоловіча,Вживане,600 грн.Договірна,Ukraine
"Куртка мужская кожаная, теплая",Нове,4 000 грн.Договірна,Ukraine
Шкіряна куртка чоловіча,Вживане,850 грн.Договірна,Ukraine
Шкіряна чоловіча куртка,Вживане,800 грн.Договірна,Ukraine
Куртка Levis чоловіча L,Нове,2 850 грн.,Ukraine
"Куртка чоловіча, шкіра .",Вживане,2 500 грн.Договірна,Ukraine
Куртка чоловіча Rocco barocco.,Вживане,500 грн.,Ukraine
Чоловіча шкіряна куртка,Вживане,1 500 грн.Договірна,Ukraine
Куртка зимова шкіряна чоловіча,Нове,5 000 грн.,Ukraine
куртка шкіряна чоловіча,Вживане,4 000 грн.,Ukraine
Massimo Dutti чоловіча шкіряна куртка,Вживане,3 300 грн.,Ukraine
Чоловіча шкіряна куртка,Вживане,1 500 грн.,Ukraine
"Шкіряна зимова куртка з підкладкою ,чоловіча",Нове,3 500 грн.,Ukraine
Чоловіча куртка шкіряна,Вживане,2 000 грн.Договірна,Ukraine
Шкіряна куртка Primo Emporio,Нове,6 000 грн.Договірна,Ukraine
Куртка чоловіча шкіряна  L,Вживане,1 400 грн.Договірна,Ukraine
Натуральная Кожаная куртка / Косуха чоловіча philipp plein оригинал,Вживане,4 204 грн.,Ukraine
Куртка шкіряна чоловіча,Вживане,1 000 грн.,Ukraine
Шкіряна куртка чоловіча S 36 розмір,Вживане,2 000 грн.,Ukraine
Куртка чоловіча шкіряна,Вживане,4 000 грн.,Ukraine
Кожана зимова куртка чоловіча,Вживане,10 000 грн.,Ukraine
Куртка шкіряна чоловіча.,Вживане,1 020 грн.Договірна,Ukraine
"2 Оригінал шкіряна куртка для Байкерів та не тільки Vanson USA

Косух",Вживане,27 500 грн.,Ukraine
Шкіряна зимова куртка,Вживане,500 грн.,Ukraine
"Чоловіча шкіряна куртка Milano.
Натуральна шкіра, м’яка та щільна.
Уте",Вживане,7 600 грн.Договірна,Ukraine
Шкіряна зимова куртка,Вживане,500 грн.,Ukraine
"Чоловіча шкіряна куртка Milano.
Натуральна шкіра, м’яка та щільна.
Уте",Вживане,7 600 грн.Договірна,Ukraine
Дублянка чоловіча натуральна шкіра на овчині,Нове,10 000 грн.,Ukraine
Нова добротна чоловіча шкіряна куртка,Нове,1 950 грн.Договірна,Ukraine
Куртка чоловіча шкіряна (косуха),Вживане,5 000 грн.,Ukraine
"Куртка,дублянка чоловіча кожана (чорна).",Вживане,1 600 грн.,Ukraine
Чоловіча шкіряна куртка GF Ferre,Вживане,8 000 грн.,Ukraine
Куртка чоловіча шкіряна,Вживане,2 000 грн.Договірна,Ukraine
Чоловіча зимова шкіряна куртка фірми Massimo Duti,Вживане,3 500 грн.,Ukraine
Чоловіча шкіряна куртка,Вживане,1 300 грн.Договірна,Ukraine
Кожана куртка куртка шкіряна чоловіча,Вживане,4 250 грн.Договірна,Ukraine
Дублянка чоловіча,Вживане,2 100 грн.Договірна,Ukraine
Дублянка шкіряна куртка чоловіча натуральна,Нове,7 599 грн.Договірна,Ukraine
Терміново! Куртка шкіряна на хутрі чоловіча.,Вживане,3 000 грн.,Ukraine
Strellson. Шкіряна чоловіча куртка Strellson.,Вживане,3 000 грн.,Ukraine
Продається осіння чоловіча шкіряна куртка у доброму стані,Вживане,800 грн.,Ukraine
"Шкіряна чоловіча куртка Simonto, натуральна шкіра, шоколад",Вживане,4 300 грн.,Ukraine
шкіряна чоловіча куртка,Нове,3 000 грн.Договірна,Ukraine
Milestone Aviator Leather (Чоловіча Шкіряна Мужская Кожаная Куркта ),Вживане,4 490 грн.,Ukraine
"Чоловіча шкіряна куртка Ottaman, 48 розмір",Вживане,6 000 грн.Договірна,Ukraine
Чоловіча шкіряна куртка,Вживане,700 грн.Договірна,Ukraine
Чоловіча зимова шкірянка,Нове,2 500 грн.,Ukraine
Шкіряна куртка Bugatti,Нове,16 500 грн.,Ukraine
Шкіряна чоловіча дублянка.  Розмір S,Вживане,6 000 грн.,Ukraine
Чоловіча шкіряна косуха Visconti,Вживане,3 700 грн.,Ukraine
"Куртка, косуха, кожанка чоловіча, шкіряна",Вживане,1 143 грн.,Ukraine
Шкіряна куртка мотокуртка розмір на м-л чоловіча,Вживане,1 500 грн.Договірна,Ukraine
Чоловіча шкіряна куртка XL нова Турція,Нове,3 999 грн.,Ukraine
"Чоловіча чорна шкіряна куртка, нова",Нове,10 000 грн.,Ukraine
"Куртка чоловіча, шкіряна.",Вживане,1 200 грн.Договірна,Ukraine
"Дублянка чоловіча ,шкіра , овчина, L розмір",Вживане,1 400 грн.,Ukraine
Мужская дубленка б/у,Вживане,3 000 грн.Договірна,Ukraine
Куртка чоловіча шкіряна,Вживане,1 900 грн.,Ukraine
Мужская дубленка 52 размер,Вживане,960 грн.,Ukraine
Чоловіча шкіряна куртка (кожанка),Вживане,3 900 грн.,Ukraine
Куртка кожана вінтажна чоловіча розмір М,Вживане,3 000 грн.Договірна,Ukraine
Чоловіча шкіряна куртка з хутром з вовка,Вживане,1 500 грн.,Ukraine
Чоловіча шкіряна  куртка,Вживане,990 грн.,Ukraine
Кожаная куртка мужская senator xl,Вживане,2 000 грн.,Ukraine
Куртка шкіряна чоловіча,Вживане,1 000 грн.,Ukraine
Замшева куртка selected homme racer синя шкіряна S чоловіча байкерська,Вживане,2 995 грн.,Ukraine
"Куртка чоловіча, шкіряна",Вживане,1 500 грн.,Ukraine
Продаю шкіряну куртку на весну і осінь чоловічу розмір L ;М,Вживане,1 800 грн.,Ukraine
Чоловіча шкіряна куртка,Вживане,2 000 грн.,Ukraine
Продам зимові чоловічі шкіряні чоботи. Нові. 45 розмір. 700 грн.,Нове,700 грн.,Ukraine
Чоловіча шкіряна куртка  Massimo Dutti  шкіра преміум нова,Нове,7 500 грн.,Ukraine
Якісна чоловіча шкіряна куртка пилот,Вживане,550 грн.,Ukraine
Куртка чоловіча шкіряна,Вживане,650 грн.,Ukraine
"Куртка чоловіча-пілот, розмір 52",Нове,10 000 грн.,Ukraine
"Шкіряна куртка, дублянка чоловіча",Вживане,4 999 грн.Договірна,Ukraine
"Чоловіча шкіряна куртка River Island  
розмір M
стан ідеальний",Вживане,1 880 грн.,Ukraine
"Куртка чоловіча шкіряна,розмір 3хl",Нове,2 800 грн.Договірна,Ukraine
Куртка чоловіча шкіряна 46/48 М,Вживане,350 грн.,Ukraine
Чоловіча шкіряна куртка.,Вживане,3 500 грн.,Ukraine
"KITON(M-3XL). Спортивка куртка бомбер на весну, чорна вітрівка",Нове,10 900 грн.,Ukraine
чоловіча куртка бомбер шкіряна р 44 європейський,Вживане,1 500 грн.,Ukraine
Шкіряна куртка чоловіча,Вживане,4 000 грн.,Ukraine
Куртка шкіряна чоловіча,Вживане,2 000 грн.,Ukraine
куртка чоловіча кожана розмір 50 зимова,Вживане,3 000 грн.Договірна,Ukraine
"Куртка шкіряна, чоловіча зимова",Вживане,3 000 грн.,Ukraine
Шкіряна куртка чоловіча,Вживане,1 500 грн.,Ukraine
Чоловіча шкіряна куртка Bugatti,Вживане,7 000 грн.,Ukraine
Куртка шкіряна чоловіча,Вживане,2 500 грн.,Ukraine
Продам чоловічу зимову шкіряну куртку.Великий розмір.,Вживане,3 000 грн.Договірна,Ukraine
Шкіряна НОВА чоловіча  стильга куртка,Нове,1 500 грн.,Ukraine
Шкіряна Куртка Zilli (оригінал),Вживане,12 999 грн.,Ukraine
Чоловіча шкіряна куртка б/у Турція розмір 50-52,Вживане,5 300 грн.,Ukraine
Чоловіча шкіряна куртка.,Вживане,1 800 грн.Договірна,Ukraine
Куртка шкіряна чоловіча,Вживане,600 грн.Договірна,Ukraine
Куртка шкіряна чоловіча,Вживане,1 500 грн.,Ukraine
Шкіряну куртку Schott NYC,Вживане,4 500 грн.,Ukraine
Куртка шкіряна чоловіча,Вживане,2 800 грн.,Ukraine
Куртка з екошкіри чоловіча,Вживане,450 грн.,Ukraine
Плащ кожаный мужской НОВЫЙ / чоловічий шкіряний новий куртка / шкіряна,Нове,550 грн.,Ukraine
Шкіряна чоловіча куртка,Вживане,225 грн.,Ukraine
Чоловіча шкіряна куртка.,Вживане,750 грн.,Ukraine
Чоловіча легка куртка zara з щкіряними вставками,Вживане,531 грн.,Ukraine
Куртка чоловіча шкіряна р.48-50,Вживане,2 000 грн.,Ukraine
"Шкіряна чоловіча куртка Taurus, розмір S",Вживане,2 000 грн.,Ukraine
Чоловіча натуральна шкіряна куртка бренд zara,Вживане,3 400 грн.,Ukraine
Чоловіча натуральна шкіряна дублянка коричневого кольору.,Вживане,1 500 грн.,Ukraine
Шкіряна куртка чоловіча,Вживане,800 грн.,Ukraine
Чоловіча шкіряна куртка з утепленням,Вживане,1 650 грн.,Ukraine
Чоловіча куртка шкіряна,Вживане,1 500 грн.,Ukraine
чоловіча шкіряна куртка tom ford 58/50/52/54/56,Нове,38 000 грн.,Ukraine
Утеплена чоловіча шкіряна куртка-пілот.,Вживане,5 000 грн.Договірна,Ukraine
Madison р. M куртка чоловіча шкіряна авіатор бомбер коричнева льотна,Вживане,6 495 грн.,Ukraine
Шкіряна чоловіча куртка,Нове,2 200 грн.Договірна,Ukraine
Angelo Litrico Leather Bomber Jacket (Чоловіча Шкіряна Куртка Бомбер ),Вживане,2 100 грн.,Ukraine
Шкіряна чоловіча куртка,Нове,8 000 грн.,Ukraine
Чоловіча шкіряна куртка Calvin Klein (M),Вживане,1 400 грн.,Ukraine
Зимова шкіряна куртка чоловіча,Вживане,1 000 грн.,Ukraine
Куртка чоловіча еко шкіра,Нове,1 500 грн.,Ukraine
Куртка шкіряна чоловіча TCM XL52 Німеччина,Вживане,299 грн.,Ukraine
Tad baker шкіряна куртка кожанка чоловіча курточка,Вживане,2 600 грн.,Ukraine
Куртка натуральна шкіра чоловіча,Вживане,2 100 грн.,Ukraine
Шкіряна чоловіча куртка,Вживане,2 500 грн.,Ukraine
Шкіряна куртка Aviator / бомбер,Вживане,8 500 грн.Договірна,Ukraine
Куртка шкіряна чоловіча,Вживане,2 200 грн.,Ukraine
Куртка з натуральним хутром чоловіча шкірчна розмір M,Вживане,20 000 грн.,Ukraine
Чоловіча шкіряна куртка на овчині,Вживане,2 899 грн.Договірна,Ukraine
Чоловіча зимова шкіряна куртка чорна,Нове,1 240 грн.,Ukraine
Шкіряна куртка ZARA чоловіча,Вживане,2 500 грн.,Ukraine
Шкіряна чоловіча куртка натуральна під крокодила. Туреччина,Вживане,3 500 грн.,Ukraine
Куртка шкіряна чоловіча,Вживане,650 грн.,Ukraine
Куртка чоловіча шкіряна,Нове,2 500 грн.,Ukraine
Шкіряна чоловіча куртка m.Стан нової,Вживане,1 400 грн.,Ukraine
Куртка шкіряна чоловіча Б/к з підкладкою,Вживане,920 грн.,Ukraine
"Куртка чоловіча, шкіряна, 2 шт",Вживане,100 грн.Договірна,Ukraine
"Куртка шкіряна чоловіча, розмір М",Нове,600 грн.,Ukraine
"Куртка чоловіча шкіряна, плащівка, светр",Вживане,560 грн.,Ukraine
Дублянка чоловіча натуральна,Нове,1 800 грн.,Ukraine
Чоловіча куртка philipp plein розмір L,Вживане,630 грн.,Ukraine
Шкірянка чоловіча,Вживане,1 790 грн.Договірна,Ukraine
Куртка чоловіча шкіряна весна осінь,Вживане,350 грн.,Ukraine
Чоловіча шкіряна куртка M.O.D.,Нове,3 200 грн.,Ukraine
"Стильна чорна чоловіча куртка — нова, 46 розмір.",Нове,1 000 грн.Договірна,Ukraine
Чоловіча шкіряна куртка мужская кожаная курточка,Вживане,1 400 грн.Договірна,Ukraine
Якісна шкіряна фірмова чоловіча  куртка  CAMEL (Корея),Вживане,3 000 грн.,Ukraine
Шкіряна чоловіча куртка,Вживане,5 000 грн.,Ukraine
Шкіряна куртка чоловіча,Нове,1 590 грн.Договірна,Ukraine
Шкіряна чоловіча куртка,Вживане,999 грн.Договірна,Ukraine
"Шкіряна зимова чоловіча куртка Udekasi, 48р",Вживане,8 500 грн.,Ukraine
"Шкіряна куртка, розмір М",Вживане,10 000 грн.Договірна,Ukraine
Чоловіча замшева куртка М / Замшева куртка розмір М,Вживане,1 000 грн.Договірна,Ukraine
Чоловіча куртка (м‘яка шкіра) 46-48 р,Вживане,1 650 грн.,Ukraine
"Шкіряна куртка ""Hardy""",Вживане,3 800 грн.,Ukraine
Чоловіча шкіряна куртка,Вживане,850 грн.,Ukraine
Чоловіча шкіряна куртка - дублянка,Вживане,5 000 грн.,Ukraine
Куртка чоловіча шкіряна,Вживане,1 045 грн.Договірна,Ukraine
"Чоловіча шкіряна куртка Fabiani чорний, розмір 48",Вживане,4 000 грн.,Ukraine
Чоловіча шкіряна мотокуртка Fastway fashion men 201,Вживане,1 900 грн.,Ukraine
Чоловіча курточка !,Нове,650 грн.Договірна,Ukraine
Шкіряна зимова чоловіча куртка,Нове,4 500 грн.,Ukraine
Куртка чоловіча шкіра,Вживане,1 040 грн.,Ukraine
Шкіряна куртка David Moore,Вживане,1 250 грн.Договірна,Ukraine
"Шкіряна чоловіча куртка, дуже гарний стак",Вживане,1 500 грн.Договірна,Ukraine
Шкіряна чоловіча куртка (зимова),Вживане,10 000 грн.,Ukraine
Куртка шкіряна чоловіча стильна з натуральної шкіри,Вживане,2 000 грн.,Ukraine
Чоловіча шкіряна утеплена куртка,Вживане,3 100 грн.,Ukraine
"Чоловіча шкіряна, зимова куртка",Вживане,2 000 грн.Договірна,Ukraine
Шкіряна чоловіча куртка/дублянка,Вживане,5 500 грн.,Ukraine
Куртка шкіряна чоловіча,Вживане,1 000 грн.,Ukraine
Шкіряна куртка чоловіча,Вживане,330 грн.Договірна,Ukraine
Чоловіча шкіряна куртка,Нове,1 250 грн.,Ukraine
Чоловіча шкіряна куртка Massimo Dutti,Вживане,4 000 грн.,Ukraine
"Шкіряна чоловіча куртка ""Trapper"".",Нове,2 300 грн.Договірна,Ukraine
Продам чоловічу косуху з якісного кожзаму 54 розмір,Вживане,1 857 грн.Договірна,Ukraine
Чоловіча Шкіряна куртка Ben Sherman 175-180 см зріст,Вживане,2 099 грн.,Ukraine
Куртка шкіряна чоловіча,Вживане,400 грн.,Ukraine
Косуха кожзам чоловіча XL,Вживане,1 500 грн.Договірна,Ukraine
Натуральна шкіряна чоловіча куртка з сатиновим підкладом,Вживане,4 020 грн.,Ukraine
Кожана чоловіча куртка,Нове,5 000 грн.,Ukraine
"Шкіряна куртка, розмір 48-50",Вживане,500 грн.Договірна,Ukraine
Шкіряна чоловіча куртка!,Нове,2 400 грн.,Ukraine
Нова!!! Курточка  чоловіча шкіряна чорна!!!,Нове,1 500 грн.,Ukraine
"Куртка шкіряна чоловіча , мотокуртка .",Вживане,3 600 грн.,Ukraine
Куртка шкіряна чоловіча,Вживане,1 500 грн.,Ukraine
Куртка мужская кожаная Armani размер S Остояие идеальное,Вживане,3 500 грн.,Ukraine
Чоловіча куртка шкіряна Bershka,Вживане,750 грн.Договірна,Ukraine
"Кожана куртка чоловіча.на ,Майже нова",Вживане,3 000 грн.Договірна,Ukraine
Чоловіча натуральна куртка,Вживане,2 500 грн.,Ukraine
Чоловіча куртка натуральна шкіра Authentic 56 розмір нова!,Нове,1 685 грн.,Ukraine
"Куртка чоловіча ,",Вживане,950 грн.,Ukraine
Чоловіча шкіряна куртка,Вживане,800 грн.,Ukraine
Куртка чоловіча шкіряна.,Вживане,2 000 грн.Договірна,Ukraine
Шкіряна куртка чоловіча,Нове,3 000 грн.,Ukraine
Чоловіча куртка стильна FLSVOR зі штучної шкіри,Нове,1 100 грн.,Ukraine
Куртка шкіряна чоловіча L,Вживане,1 700 грн.,Ukraine
Куртка шкіряна чоловіча,Вживане,550 грн.,Ukraine
Шкіряна куртка чоловіча bottega veneta,Нове,18 000 грн.,Ukraine
Шкіряна чоловіча куртка,Вживане,1 400 грн.Договірна,Ukraine
Чоловіча шкіряна куртка,Вживане,800 грн.,Ukraine
Куртка шкіряна чоловіча,Нове,1 800 грн.,Ukraine
"Чоловіча куртка із кожзаму від PUllsBea, розміру М",Вживане,335 грн.,Ukraine
Куртка чоловіча 64-66 розмір.АКЦІЯ!,Нове,2 980 грн.,Ukraine
Шкіряна куртка Hein Gericke Classics ESSENCE | XL | Німеччина,Вживане,3 000 грн.,Ukraine
Чоловіча зимова дублянка,Вживане,2 500 грн.,Ukraine
Шкіряна куртка чоловіча,Вживане,1 399 грн.,Ukraine
Куртка чоловіча шкіряна,Вживане,2 000 грн.,Ukraine
Куртка шкіряна.,Вживане,950 грн.,Ukraine
Продам пальто кожене чоловіче,Вживане,230 грн.,Ukraine
Дублянка чоловіча,Вживане,300 грн.,Ukraine
Кожанка чоловіча 52 розмір,Вживане,1 850 грн.,Ukraine
Куртка шкіряна чоловіча,Нове,5 000 грн.,Ukraine
Куртка шкіряна чоловіча For men розмір 52-54,Вживане,980 грн.Договірна,Ukraine
"Чоловіча шкіряна куртка Diesel, розмір XL",Вживане,5 999 грн.,Ukraine
"Куртка чоловіча ,шкіряна ,розмір М",Вживане,1 500 грн.Договірна,Ukraine
Hiperboll  кожана стильна чоловіча куртка 56 р оригинал,Вживане,7 000 грн.Договірна,Ukraine
Дубленка натуральная б/у мужская,Вживане,500 грн.,Ukraine
"Чоловіча зимова шкіряна куртка, розмір М",Вживане,1 700 грн.,Ukraine
Massimo Dutti чоловіча шкіряна куртка,Вживане,1 900 грн.,Ukraine
Чоловіча шкіряна куртка косуха Solid XL,Нове,4 000 грн.,Ukraine
Куртка чоловіча шкіряна,Вживане,350 грн.,Ukraine
Куртка шкіряна чоловіча,Вживане,7 100 грн.Договірна,Ukraine
Jack and Jones Suede Biker Jacket (Чоловіча Шкіряна Куртка Косуха ),Вживане,2 490 грн.,Ukraine
Куртку-дублянку чоловіча,Вживане,2 900 грн.,Ukraine
ЧОЛОВІЧА демісезона шкіряна куртка 52-54,Нове,3 500 грн.Договірна,Ukraine
Кожана Курточка Чоловіча розмір L,Вживане,2 500 грн.Договірна,Ukraine
Чоловіча шкіряна куртка мужская кожаная  Diesel Італія S-XL,Нове,14 500 грн.,Ukraine
Чоловіча шкіряна куртка мужская кожаная  Diesel Італія S-XL,Нове,14 500 грн.,Ukraine
Шкіряна чоловіча куртка Bertoni,Вживане,1 050 грн.,Ukraine
Шкіряна чоловіча куртка,Вживане,500 грн.,Ukraine
Чоловіча натуральна дублянка,Вживане,1 000 грн.,Ukraine
Чоловіча шкіряна куртка 50р,Нове,3 900 грн.,Ukraine
Зимова шкіряна чоловіча куртка 58,Нове,6 000 грн.Договірна,Ukraine
"Куртка шкіряна натуральна 44,46, на застібці-блискавці Дніпро.",Нове,5 100 грн.Договірна,Ukraine
Куртка чоловіча шкіряна зимова Ares мєх цегейка,Вживане,3 390 грн.,Ukraine
Куртка шкіряна чоловіча/куртка кожаная мужская/Maine / New England,Нове,3 500 грн.,Ukraine
куртка шкіряна чоловіча пілот дублянка на хутрі p54,Нове,19 999 грн.Договірна,Ukraine
Шкіряна чоловіча куртка,Вживане,3 000 грн.,Ukraine
Продам чоловічу кожану курточку,Вживане,1 500 грн.Договірна,Ukraine
Натуральная кожа!! KITON(48-54p.) Черная мужская байкерская косуха,Нове,26 900 грн.,Ukraine
Чоловіча шкіряна куртка-пуховик Kobarro (р. 54),Вживане,5 600 грн.Договірна,Ukraine
Кожанная мужская куртка натуральная,Вживане,3 000 грн.,Ukraine
Куртка шкіряна чоловіча 48розміру.,Вживане,2 035 грн.,Ukraine
Стильна чоловіча шкіряна курточка,Вживане,1 350 грн.,Ukraine
Куртка чоловіча шкіряна,Вживане,1 300 грн.Договірна,Ukraine
Шкірянка чоловіча Philipp Plein,Вживане,1 800 грн.,Ukraine
Куртка чоловіча М MAX&HT нова штучна шкіра,Нове,1 390 грн.Договірна,Ukraine
Шкіряна куртка чоловіча.,Вживане,500 грн.,Ukraine
Кожана куртка чоловіча,Вживане,8 000 грн.,Ukraine
Чоловіча шкіряна куртка.,Вживане,999 грн.,Ukraine
Дублянка натуральна шкіряна чоловіча р. 2ХL / 50-52,Вживане,650 грн.,Ukraine
Чоловіча шкіряна куртка,Вживане,400 грн.Договірна,Ukraine
"Куртка чоловіча шкіряна, розмір L",Вживане,1 200 грн.,Ukraine
Чоловіча шкіряна куртка,Вживане,1 000 грн.Договірна,Ukraine
Куртка шкіряна HiperBol,Нове,1 400 грн.Договірна,Ukraine
"Зимова шкіряна дубльонка, куртка зимова чоловіча",Нове,5 000 грн.,Ukraine
Куртка чоловіча шкіряна Massimo Dutti,Нове,5 120 грн.,Ukraine
Шкіряна куртка чоловіча,Вживане,430 грн.Договірна,Ukraine
Продам чоловічу шкіряну куртку (нова 6XL),Нове,10 000 грн.Договірна,Ukraine
"Куртка чоловіча з натуральної шкіри, (в середині хутро)",Вживане,4 100 грн.Договірна,Ukraine
Чоловічий шкіряний жакет на меху,Вживане,3 000 грн.,Ukraine
Чоловіча куртка шкіряна,Вживане,1 999 грн.,Ukraine
Куртка шкіряна чоловіча тепла,Вживане,1 285 грн.,Ukraine
Кожаная мужская куртка,Вживане,1 000 грн.,Ukraine
Шкіряна куртка Чоловіча,Вживане,2 800 грн.,Ukraine
Шкіряна чоловіча куртка,Вживане,2 000 грн.,Ukraine
Чоловіча шкіряна куртка,Вживане,1 700 грн.Договірна,Ukraine
Чоловіча шкіряна замшева куртка Via Cortesa 52 Італія,Вживане,700 грн.Договірна,Ukraine
Шкіряна куртка чоловіча,Вживане,750 грн.Договірна,Ukraine
Шкіряна чоловіча куртка Massimo Duti шоколадного коліру,Нове,4 500 грн.,Ukraine
шкіряна куртка бомбер Levis Levi’s замінник штучна шкіра оригінал,Вживане,2 100 грн.,Ukraine
Куртка чоловіча шкіряна,Вживане,1 000 грн.,Ukraine
Чоловіча шкіряна куртка утеплена розмір L мужская кожаная куртка,Нове,1 500 грн.,Ukraine
Куртка Guess чоловіча оригінал,Нове,2 600 грн.,Ukraine
Versace Jeans Couture Leather Bomber Jacket чоловічий шкіряний бомбер,Вживане,11 000 грн.,Ukraine
"Натуральна шкіряна куртка,чоловіча",Вживане,950 грн.Договірна,Ukraine
Кожух чоловічий виробництва СРСР.,Вживане,4 000 грн.,Ukraine
Шкіряна куртка чоловіча 52-54 розміру,Вживане,3 000 грн.,Ukraine
"Шкіряна весняна куртка, 52 (50) розмір",Нове,1 100 грн.,Ukraine
Куртка чоловіча шкіряна демісезонна,Вживане,300 грн.,Ukraine
Шкіряна зимова куртка чоловіча,Вживане,1 000 грн.Договірна,Ukraine
Куртка чоловіча шкіряна,Вживане,1 990 грн.,Ukraine
Продам чоловічу шкіряну куртку,Вживане,2 100 грн.Договірна,Ukraine
Чоловіча шкіряна куртка бренду Zara у бежевому кольорі у розмірі L,Вживане,1 800 грн.Договірна,Ukraine
Шкіряна куртка Levi’s чорного кольору чоловіча розмір S,Вживане,7 000 грн.Договірна,Ukraine
Zantos р. xl чоловіча куртка чорна шкіряна бомбер весна осінь мужская,Нове,6 995 грн.,Ukraine
"Куртка чоловіча шкіряна,,Aleksander"".",Вживане,700 грн.,Ukraine
Куртка чоловіча  весна-осінь,Вживане,2 300 грн.,Ukraine
Шкіряна лайкова чоловіча куртка,Вживане,195 грн.Договірна,Ukraine
мужская кожаная байкерская куртка-косуха,Вживане,3 400 грн.Договірна,Ukraine
Куртка шкіряна чоловіча,Вживане,1 700 грн.,Ukraine
Чоловіча Шкіряна куртка зима,Нове,4 500 грн.,Ukraine
Чоловіча коротка шкіряна куртка ( дублянка),Вживане,900 грн.,Ukraine
"Шкіряна чоловіча куртка на хутрі, дублянка",Нове,7 000 грн.Договірна,Ukraine
Куртка шкіряна чоловіча,Вживане,1 500 грн.,Ukraine
Чоловіча шкіряна куртка,Нове,5 000 грн.,Ukraine
Куртка кожана зимова чоловіча,Вживане,750 грн.Договірна,Ukraine
Шкіряна куртка Pierre Cardin чоловіча,Вживане,5 000 грн.Договірна,Ukraine
Куртка чоловіча шкіряна,Вживане,2 000 грн.Договірна,Ukraine
Дублянка чоловіча,Вживане,750 грн.Договірна,Ukraine
"Куртка шкіряна Next, L-XL, курточка коричнева чоловіча, шкірянка",Вживане,680 грн.,Ukraine
"Шкіряна куртка , розмір L",Вживане,1 500 грн.,Ukraine
Чоловіча зимова шкіряна куртка,Вживане,600 грн.,Ukraine
Чоловіча кожана куртка Guess Leather Jacket,Вживане,2 449 грн.,Ukraine
Куртка чоловіча шкіряна Prince William XL,Вживане,3 900 грн.,Ukraine
Куртка шкіряна чоловіча Розмір М-Л кожаная мужская куртка,Вживане,550 грн.,Ukraine
Куртка кожана чоловіча,Вживане,1 000 грн.,Ukraine
Чоловіча шкіряна куртка чорного кольору,Вживане,399 грн.,Ukraine
Чоловіча шкіряна куртка на хутрі на розмір 56-60 (5 XL),Вживане,3 500 грн.,Ukraine
Куртка Шкірянка Flight Jacket by Cowest,Вживане,2 990 грн.Договірна,Ukraine
"Куртка шкіряна чоловіча, розмір S",Вживане,1 500 грн.,Ukraine
Шкіряна чоловіча куртка розмір 48,Вживане,1 700 грн.,Ukraine
Куртка шкіряна чоловіча з теплою підкладкою,Вживане,1 900 грн.Договірна,Ukraine
Куртка коженая мужская зимняя,Вживане,2 200 грн.Договірна,Ukraine
Чорна чоловіча шкіряна куртка Blessed нова,Нове,1 100 грн.,Ukraine
Чоловіча шкіряна куртка,Вживане,1 500 грн.,Ukraine
Чоловіча шкіряна куртка,Вживане,2 400 грн.,Ukraine
Чоловіча шкірянка,Вживане,650 грн.,Ukraine
Куртка кожана чоловіча,Вживане,500 грн.Договірна,Ukraine
Шкіряна чоловіча куртка (дубляж),Вживане,750 грн.Договірна,Ukraine
Шкіряна чоловіча куртка Canda collection,Вживане,1 650 грн.Договірна,Ukraine
Мужская кожаная куртка 100% натуральная кожа Овчина Размер L-XL,Вживане,1 399 грн.,Ukraine
Брендова шкіряна чоловіча куртка Machiavelli,Вживане,1 200 грн.Договірна,Ukraine
Чоловіча куртка з еко шкіри 2XL,Нове,1 100 грн.Договірна,Ukraine
Шкіряна чоловіча куртка,Вживане,2 500 грн.,Ukraine
"Шкіряна чоловіча куртка,",Вживане,800 грн.,Ukraine
Куртка шкіряна чоловіча,Вживане,900 грн.Договірна,Ukraine
Куртка чоловіча італійська шкіряна,Вживане,900 грн.,Ukraine
Куртка чоловіча з натуральної шкіри,Вживане,1 300 грн.Договірна,Ukraine
Чоловіча куртка фірми Zara (нат.шкіра),Вживане,1 650 грн.,Ukraine
Чоловіча натуральна шкіряна куртка River island розмір М Нова,Нове,1 900 грн.,Ukraine
Чоловіча шкіряна куртка з натуральної шкіри,Нове,1 200 грн.,Ukraine
Куртка шкіряна чоловіча,Вживане,1 500 грн.,Ukraine
"Чоловіча шкіряна куртка ""Daniel Ricci"", Італія",Вживане,1 000 грн.Договірна,Ukraine
Преміум чоловіча дублянка 52 XL Iталія чорна з шкіри та хутра ягняти,Нове,20 000 грн.Договірна,Ukraine
Чоловіча шкіряна куртка БРЕНД Іспанське виробництво,Нове,5 500 грн.Договірна,Ukraine
Куртка шкіряна фірми Ochnik,Нове,6 000 грн.,Ukraine
Чоловіча кожанка 52р,Вживане,2 500 грн.Договірна,Ukraine
Чоловіча  куртка  шкіряна зимова,Нове,6 500 грн.,Ukraine
Куртка шкіряна осінь-весна,Нове,3 500 грн.Договірна,Ukraine
Чоловіча куртка екошкіра,Вживане,850 грн.,Ukraine
Чоловіча зимова кожана куртка мужская зимняя куртка,Вживане,10 000 грн.Договірна,Ukraine
Куртка кожаная мужская,Вживане,2 000 грн.,Ukraine
Шкіряна куртка slim,Нове,650 грн.,Ukraine
Чоловіча шкіряна куртка,Нове,6 000 грн.Договірна,Ukraine
Шкіряна чоловіча куртка,Вживане,900 грн.Договірна,Ukraine
Шкіряна Куртка Чоловіча Yes London Чорна,Вживане,3 800 грн.Договірна,Ukraine
Чоловіча шкіряна дубльонка,Вживане,2 200 грн.Договірна,Ukraine
Куртка FABIANI/шкіряна/чоловіча,Нове,6 500 грн.,Ukraine
"Куртка шкіряна, чоловіча, кожанка мужская. 50 - 52 розмір",Вживане,500 грн.Договірна,Ukraine
Куртка бомбер шкiряна.,Вживане,1 000 грн.,Ukraine
Куртка шкіряна піджак шкіра кожа чоловіча,Вживане,536 грн.Договірна,Ukraine
Дублянка чоловіча куртка курточка шкірянка шкіряна куртка,Вживане,1 020 грн.,Ukraine
Шкіряна куртка в дуже гарному стані,Вживане,3 000 грн.,Ukraine
Піджак.Шкіряний френч.Turkey.Якісний.,Вживане,400 грн.,Ukraine
Шкіряна куртка Італія Fabian чоловіча розмір L,Вживане,399 грн.,Ukraine
Куртка чоловіча шкіра,Вживане,6 800 грн.,Ukraine
"Чоловіча шкіряна куртка ,,танкер""",Вживане,1 500 грн.,Ukraine
Чоловіча шкіряна куртка,Вживане,1 600 грн.,Ukraine
Дублянка кожана чоловіча,Вживане,4 500 грн.,Ukraine
Шкіряна чоловіча весняно-осіння куртка Fire Flag Horse (Туреччина),Вживане,6 000 грн.Договірна,Ukraine
Шкіряна тепла куртка з хутром,Вживане,5 000 грн.,Ukraine
Шкіряна чоловіча куртка,Вживане,3 500 грн.,Ukraine
Шкіряна чоловіча куртка GUESS,Вживане,3 000 грн.Договірна,Ukraine
Чоловіча куртка шкіряна,Вживане,2 900 грн.,Ukraine
Чоловіча Шкіряна куртка,Вживане,2 500 грн.Договірна,Ukraine
"Куртки шкіряні , чоловічі .виробник Туреччина",Нове,5 500 грн.,Ukraine
Чоловіча шкіряна куртка,Вживане,3 000 грн.,Ukraine
Чоловіча косуха Superdry,Вживане,2 400 грн.,Ukraine
Чоловіча шкіряна куртка Pepe Jeans s m,Вживане,2 600 грн.,Ukraine
Чоловіча зимова шкіряна куртка,Вживане,2 100 грн.,Ukraine
Чоловіча куртка з натуральної шкіри,Нове,2 000 грн.,Ukraine
"Курточка чоловіча,розмір 56,шкіряна",Вживане,500 грн.Договірна,Ukraine
Куртка мужская кожа,Вживане,480 грн.,Ukraine
"Шкіряна куртка чоловіча (нюанси)
Maddison
розмір XL",Вживане,750 грн.,Ukraine
Шкіряна чоловіча куртка Mac Douglas,Нове,1 200 грн.,Ukraine
Шкіряна куртка чоловіча всесезонна.,Вживане,2 100 грн.,Ukraine
Продаж чоловічої куртки,Вживане,10 000 грн.,Ukraine
Шкіряна куртка чоловіча,Вживане,4 000 грн.,Ukraine
"Чоловіча шкіряна куртка Diesel, розмір M",Вживане,6 000 грн.,Ukraine
"Нова зимова шкіряна куртка Visconti, натуральне хутро, розмір 50",Нове,7 499 грн.Договірна,Ukraine
Куртка шкіряна чоловіча Wew OTL,Вживане,1 755 грн.,Ukraine
Куртка косуха шкіряна чоловіча унісекс Nyden,Вживане,2 900 грн.Договірна,Ukraine
Шкіряна чоловіча куртка Zapata,Вживане,4 500 грн.,Ukraine
Чоловіча шкіряна зимова куртка,Вживане,1 111 грн.Договірна,Ukraine
Куртка чоловіча шкіряна xl,Вживане,1 700 грн.Договірна,Ukraine
Куртка чоловіча шкіряна.,Нове,5 122 грн.,Ukraine
Чоловіча кожанка,Вживане,5 000 грн.,Ukraine
Щеіряна чоловіча курточка виробник Італія,Нове,3 500 грн.,Ukraine
Redskins 2xl - 3xl бомбер шкіряна коричнева замшева куртка чоловіча,Нове,2 995 грн.,Ukraine
Шкіряна натуральна куртка,Нове,4 300 грн.Договірна,Ukraine
Шкіряна куртка чоловіча,Нове,2 500 грн.,Ukraine
"Недорого! Зимова, шкіряна куртка ZARA.",Вживане,3 000 грн.,Ukraine
Мужская дубленка Reserved,Вживане,1 000 грн.,Ukraine
Шкіряна куртка чоловіча,Вживане,3 500 грн.,Ukraine
Куртка шкіряна чоловіча,Вживане,1 000 грн.,Ukraine
Чоловічя кожанка,Нове,1 200 грн.,Ukraine
Куртка чоловіча шкіряна р. М. Натуральна шкіра,Вживане,950 грн.,Ukraine
Чоловіча шкіряна куртка G Star Size S,Вживане,1 700 грн.,Ukraine
Куртка шкіряна чоловіча,Вживане,1 500 грн.Договірна,Ukraine
Чоловіча шкіряна куртка бомбер авіатор xxl / куртка кожаная мужская,Вживане,3 499 грн.Договірна,Ukraine
Чоловічий шкіряний піджак,Вживане,300 грн.,Ukraine
Куртка мужская кожаная ARMANI,Вживане,1 550 грн.Договірна,Ukraine
Шкіряна куртка чоловіча,Вживане,850 грн.Договірна,Ukraine
Чоловіча шкіряна куртка,Вживане,3 000 грн.,Ukraine
Livergy куртка чоловіча шкіряна,Вживане,1 100 грн.,Ukraine
Шкіряна куртка Trapper,Вживане,900 грн.Договірна,Ukraine
Мужская зимняя кожаная куртка Colin’s,Вживане,550 грн.,Ukraine
Шкіряна куртка шоколадного кольору чоловіча,Вживане,4 500 грн.,Ukraine
"Шкіряна чоловіча куртка, дублянка, Італія",Вживане,389 грн.Договірна,Ukraine
Шкіряний бомбер чоловічий,Вживане,3 200 грн.Договірна,Ukraine
Куртка шкіряна нова,Нове,1 800 грн.,Ukraine
Куртка шкіряна чоловіча,Вживане,6 500 грн.,Ukraine
Куртка шкіряна чоловіча 52 розмір,Вживане,1 500 грн.,Ukraine
Zantos xl / 2xl куртка чоловіча шкіряна вінтажна бомбер чорна xxl синя,Нове,6 995 грн.,Ukraine
Чоловіча шкіряна куртка чорного кольору,Нове,4 499 грн.,Ukraine
Продається шкіряна куртка чоловіча.,Вживане,1 000 грн.Договірна,Ukraine
Шкіряна чоловіча куртка,Вживане,4 000 грн.,Ukraine
Шкіряна куртка Zara чоловіча M,Нове,6 000 грн.Договірна,Ukraine
Шкіряна чоловіча куртка,Вживане,6 500 грн.Договірна,Ukraine
Чоловіча шкіряна куртка,Нове,1 677 грн.Договірна,Ukraine
Шкіряна чоловіча куртка,Вживане,1 100 грн.Договірна,Ukraine
Чоловіча шкірчна куртка Upstar,Вживане,13 500 грн.,Ukraine
Продам шкіряну чоловічу куртку,Вживане,1 500 грн.,Ukraine
Куртка шкіряна чоловіча Colins,Вживане,900 грн.,Ukraine
Шкіряна куртка slim,Нове,650 грн.,Ukraine
"Натуральна шкіра,курточка шкіряна чоловіча,вир-во Турція,розмір S",Вживане,6 000 грн.,Ukraine
Чоловіча шкіряна утеплена куртка. ТОРГ,Вживане,2 600 грн.Договірна,Ukraine
Продам чоловічу шкіряну курточку,Вживане,1 700 грн.Договірна,Ukraine
"Куртка шкіряна , чоловіча colins молодіжна",Вживане,330 грн.,Ukraine
Дублянка чоловіча XL шкіряна куртка,Вживане,1 900 грн.Договірна,Ukraine
Шкіряна куртка чоловіча,Вживане,1 500 грн.,Ukraine
Нова Куртка Шкіряна Чоловіча,Нове,3 000 грн.,Ukraine
Чоловіча демісезонна шкіряна куртка,Вживане,500 грн.,Ukraine
Чоловіча шкіряна куртка J. Hart & Bros,Вживане,2 000 грн.Договірна,Ukraine
Шкіряна чоловіча куртка,Вживане,6 700 грн.Договірна,Ukraine
"NEW Чоловіча шкіряна/замшева куртка/бомбер Loro Piana M,L,XL,2XL,3XL",Нове,6 719 грн.,Ukraine
Шкіряна куртка Diesel. Оригінал.,Нове,10 000 грн.,Ukraine
Шкіряна  чорна чоловіча куртка 62 р,Вживане,750 грн.,Ukraine
Шкіряна чоловіча куртка з хутром,Вживане,4 100 грн.,Ukraine
Oakwood Saul Leather Jacket чоловіча шкіряна куртка нова,Нове,4 200 грн.,Ukraine
Вінтажна Шкіряна чоловіча куртка,Вживане,500 грн.,Ukraine
Продається куртка щкіряна чоловіча - 1100 грн,Вживане,1 100 грн.,Ukraine
Шкіряна чоловіча куртка великого розміру,Вживане,500 грн.,Ukraine
Натуральна чоловіча дублянка,Вживане,2 000 грн.,Ukraine
Мужская кожанная куртка,Нове,800 грн.,Ukraine
Бомпер чоловічий натуральна шкіра,Вживане,4 000 грн.,Ukraine
"Чоловіча шкіряна куртка Diesel, розмір M",Вживане,6 000 грн.,Ukraine
Шкіряна куртка чоловіча,Вживане,735 грн.,Ukraine
Чоловіча шкіряна дубльонка Franco Marcello,Вживане,4 000 грн.,Ukraine
Куртка чоловіча еко шкіра на утеплювачі без капюшона,Нове,1 750 грн.,Ukraine
Шкіряна коричнева чоловіча куртка 48,Вживане,520 грн.,Ukraine
Чоловіча шкіряна куртка,Вживане,1 350 грн.Договірна,Ukraine
"Чоловіча шкіряна куртка, ідеальний стан.",Вживане,680 грн.,Ukraine
Італія. Чоловіча демі шкіряна куртка з додатковою теплою підкладкою,Нове,12 000 грн.,Ukraine
"Крутка шкіряна,нова",Нове,5 000 грн.Договірна,Ukraine
"Чоловіча кожана куртка ""Пілот""",Нове,6 143 грн.Договірна,Ukraine
Шкірянка чоловіча,Вживане,400 грн.,Ukraine
Куртка чоловіча,Нове,7 000 грн.,Ukraine
Куртка чоловіча шкіряна Camel Active,Вживане,4 000 грн.,Ukraine
Шкіряна куртка чоловіча з хутром(зимова) тепла,Вживане,1 000 грн.,Ukraine
"Чоловіча шкіряна куртка,нова 56",Нове,7 900 грн.,Ukraine
Чоловіча шкіряна зимова куртка,Вживане,5 499 грн.Договірна,Ukraine
Чоловіча шкіряна куртка,Вживане,2 000 грн.,Ukraine
"Куртка чоловіча, шкіряна ,  розмір L",Вживане,1 500 грн.Договірна,Ukraine
Куртка шкіряна чоловіча. Розмір 56,Вживане,888 грн.,Ukraine
Чоловіча шкіряна куртка,Вживане,6 000 грн.,Ukraine
